가능보고서,125
재생에너지,39
가치창,39
지배구조,39
각주,37
정량성과표,37
용량,33
전세계,27
고려,25
조원,20
업사이클링,18
순환경제,17
릴루미노,16
쿡스토브,16
환경보호국,14
체험관,14
사회환경,13
중요이슈,13
뉴욕,13
몰렌긱,12
옴부위원회,12
예상,11
출연,11
공장,11
소방관,11
조표,10
러시,10
연장,10
시력,10
실습생,9
연결,9
취약계층,9
자주,9
생활임금,9
영진,9
가능경영,9
의견서,8
가정폭력,8
포용,8
세척탈지,8
장애,8
토픽,8
생각,8
벨기에,7
캠퍼스,7
납품,7
바이오,7
제시,7
이그니스,7
화상장치,7
고민,7
부금,7
식품,7
이주,7
지식재산권,7
학물질,7
사이버,7
초순수,7
위험지역,7
법관리,7
수거,6
재용량,6
과업,6
개인정보보호사무국,6
어플리케이션,6
포용의,6
내외,6
연회,6
코발트,6
노서씨,6
개편,6
여개,6
참가자,5
불구,5
대하,5
인정,5
스크,5
거버넌스위원회,5
상법,5
글로벌센터,5
야기,5
임산부,5
직간접,5
프라이버시,5
솔브,5
네팔,5
이태리,5
점수,5
력사,5
오류,5
에탄올,5
재활,5
재료,5
환경안전보건,5
테스트,5
현황년,5
생존자,5
노동권,4
어류,4
개체,4
번호,4
보고수준,4
연료,4
전폐제품,4
았습니,4
성전,4
생식독성,4
정보주체,4
전망,4
두바이,4
악보,4
전송,4
가축,4
비롯,4
업종,4
투입,4
디자인스쿨,4
성공,4
애플리케이션,4
사회경제,4
여건,4
편익,4
세척,4
이번,4
리슨업,4
기적,4
취약,4
불가리아,4
투자수익률,4
모색,4
현실,4
법특별,4
사적,4
정함,4
프로그,4
서술,4
리스,4
연기,4
이유,4
몸바사,4
스핀오프,4
처우,4
가계,4
매우,4
재활용율,4
알루미늄,4
비상,4
컨텐츠,3
제품군,3
생애주기,3
사망률,3
유해인자,3
우수사례,3
보이지,3
개년,3
분리,3
겸비,3
연구기관,3
가능사무국,3
평택,3
기술개발,3
경제부,3
이산화탄소,3
뉴스룸,3
위협,3
골격계,3
사진,3
사이,3
기본이념,3
역임,3
자원사용,3
책임자,3
격차,3
경제성장,3
환경법규,3
인증서,3
단축,3
중소중견기업,3
희망,3
몰렌베이,3
김종훈,3
이상훈,3
지진,3
감성,3
사외이사후보추천위원회,3
보건관리,3
건조기,3
프로세,3
열기,3
유엔,3
불평등,3
건축,3
나노시티,3
고객서비스,3
경력개발센터,3
괴롭힘,3
권한,3
공공,3
스템,3
계층,3
노동자,3
충처리,3
연주,3
선별,3
설문지,3
이행지침,3
레온체바,3
사용환경,3
미국환경보호국,3
순환,3
로부터,3
무료,3
크기,3
방법론,3
버려진,3
부사,3
확인점종,3
장부문장,3
세계최초,3
색상,3
직급별,3
메커니즘,3
규범,3
천명,3
인식제,3
테크인스티튜트,3
시티,3
선순환,3
기흥,3
앤마이,3
화학,3
방서,3
텍사스,3
핀란드,3
책임광물,3
진행상황,3
환경사회,3
유발,3
간의,3
컴플라이언스팀,2
합법,2
김기남,2
보편,2
펌웨어,2
한계시험,2
출시노트북모니터홈씨어터,2
한해,2
전과정평가,2
데스크,2
삼성전자주식회사,2
최고영진,2
제한제도,2
브롬연제,2
개인정보보호운영위원회,2
재생원료,2
생산정의,2
정부기관,2
처리기,2
백만톤,2
서명,2
점종,2
보강,2
챔피언,2
우선배정,2
타입,2
종이,2
버전,2
통역사,2
불가리아인,2
강사,2
실업,2
차세대,2
발휘,2
인생,2
실정,2
최우수,2
연말,2
거래량,2
조금,2
차차,2
홍수,2
신청,2
납부의무,2
친구,2
출구,2
캠프,2
콘셉트,2
박람회,2
계정,2
티브,2
자신감,2
포털,2
심각,2
결함,2
천연자원,2
구형,2
모범,2
정확도,2
기본권,2
인쇄,2
내재,2
처리위탁,2
경상북도,2
사후,2
필름,2
프로세서로서,2
상치,2
보건안전,2
산성,2
산업혁신운동,2
레이아웃,2
권리보장,2
개인정보처리,2
증가함,2
드럼,2
당면,2
불량,2
협력로부터,2
자화전자,2
수출,2
간접경제효과,2
스탠다드,2
재생플라스틱,2
경청,2
사업별로,2
오수,2
정용수,2
워크샵,2
밸브,2
산알칼리,2
재구성,2
평가기관,2
마음가짐,2
미국지역,2
별로,2
산화,2
휴직,2
온양,2
폐수처리,2
참여율,2
비상대응,2
위험요인,2
공감,2
남아공,2
사업운영,2
금지물질,2
수자,2
특화된,2
식수,2
용도,2
주택에너지,2
헥산,2
대해서도,2
성원,2
기회활용,2
산소요구량,2
생태영향,2
멸종,2
저축,2
해외사업,2
사원대의기구,2
인권영향,2
인권존중,2
인권정책,2
영하,2
회원로서,2
영향리스크,2
휴가,2
비인도적,2
영양,2
참고,2
인의,2
이주근로자,2
주거,2
확인곤충류,2
피해자,2
중점관리협력사,2
피해여성,2
조언,2
링크,2
영역별,2
패널티,2
시스,2
멸종위기종,2
종사,2
무척추동물,2
측정결과,2
생태독성,2
비곤충류,2
직업병,2
종합진단,2
인명구조,2
물질관리,2
계량,2
청정,2
달성년,2
제거,2
빨래,2
관계자,2
중요슈가,2
반도,2
펀딩,2
보관,2
외적,2
인증기관,2
탄소마크,2
수상역,2
인버터,2
초절전,2
무풍,2
용이,2
부산물,2
수계,2
화재현장,2
피해지역,2
구리,2
생활가전,2
산업화,2
소득불평등,2
고장,2
희소금속,2
폐배터리,2
수리센터,2
관심사항,2
적절,2
시기,2
재단,2
자격증,2
결여,2
화성지역,2
용인,2
소통협의체,2
생산자물가수년,2
인증률,2
부서장,2
조정위원회,2
산업보건,2
퍼센트,2
사무실,2
쇼룸,2
플래그,2
전문화,2
유로,2
이벤트,2
요리,2
장작,2
독성,2
설탕,2
제품개발,2
인벤토리,2
경과,2
투자액,2
소방시설,2
후변화,2
창출하고자,2
젝트,2
용기,2
친환경교육,2
용법,2
대의기구,2
작곡가,2
스타트,2
출처,2
품질지수,2
맥락,2
건설,2
소장,2
중요토픽,2
소외계층,2
공정배출,2
온라인집합교육,2
종업,2
조정훈,2
가스,2
한국산업,2
구사,2
이재일,2
멤버,2
지위,2
전력량,2
개월간,2
인물,2
찾기,2
매개변수,2
발열량,2
것라며,2
오스트리아,2
스팀,2
김선욱,2
몰렌베이크,2
기후,2
신임,2
비영리단체,2
샘플,2
연합,2
초청,2
퇴비,2
역사회,2
스킬,2
사운드바,2
뉴베리,2
청렴,2
제공습,2
디스플레이사업부,2
진압,2
머리,2
실용,2
작업량,2
민관,2
하나로,2
정곡,2
압축기,2
대신,2
발표함,2
기술내용,2
모드,2
수량,2
박병국,2
금지함,2
온실가스에너지목표관리,2
안보,2
배제,2
연습,2
계단,2
창업자,2
리더로서,2
회사매칭기금,2
바로,2
회사경영,2
서비스부문,2
다수,2
차년도년,2
콘서트,2
에너지소비,2
덕분,2
산정지침,2
총회,2
어플리케이,2
자로,2
전혀,2
독립기구,1
부위원회,1
조정권고안,1
서울대,1
옴부만,1
선행연구,1
인과성,1
무결,1
관성,1
정위,1
가족대책위원회,1
정확성,1
합당,1
기밀유지,1
작성내의,1
반올림,1
통계,1
협소합니,1
발병,1
년온실가스,1
유의,1
상이,1
주장,1
검증의견서,1
자료보관,1
뉴얼,1
안전보건관련,1
전자주로,1
관련근거,1
온실가스배출량,1
사용제한용도,1
온실,1
누방지,1
저장시설,1
배기장치,1
통제시스템,1
연도별,1
사업장,1
현장조사,1
충족여부,1
필요시,1
대하고자,1
안전보건상의,1
허용,1
위험부담,1
지침환경부고시,1
배출량보고,1
진심,1
어서,1
공개함,1
위험성평가,1
벤젠,1
이정희,1
미래전략,1
회계법인,1
재해예방,1
취합,1
뒷받침,1
종합건강관리체계,1
산업안전보건법,1
국제연구소,1
국배기설치배기효율준수,1
사용금지,1
세척탈지공정,1
사용허가,1
이철수,1
제한물질,1
디로메,1
시클로헥사논,1
세척탈지냉각,1
메탄올,1
톨루엔,1
클로로폼,1
니트로메탄,1
간주,1
디메틸포름아미드,1
취합된,1
딜로이트,1
법학대학원,1
평준화,1
오류로,1
적합,1
케미컬,1
방재모니터링,1
자동분석,1
소급,1
정정,1
표면처리공정,1
방폭,1
바코드,1
상수,1
급량,1
기하,1
판정,1
처리량,1
보호장비,1
폐기절차,1
미세관리,1
매립외,1
전산시스템,1
규제물질사용,1
화학물,1
공정변경,1
사용중지,1
배출량총,1
농도,1
대체물질,1
특수,1
변경함,1
법률운영,1
중앙공급,1
촉식,1
중요이슈란,1
저희,1
제품혁신,1
절감율,1
혁신회의,1
아시아오세아니아,1
대형기기,1
통신사무기기,1
중형기기,1
소형기기,1
적용률,1
제품군휴대폰,1
자동차,1
작업자의,1
시행여부,1
중점관리,1
법안,1
무별로,1
대비예방,1
사태,1
책임임원,1
감지기,1
주지,1
안전보건자료,1
여유,1
용량총,1
환풍기,1
노출준치,1
설비노후,1
소방훈련,1
데이터이하,1
정량표,1
보고내용,1
완결,1
유의미하,1
응급조치,1
비상대피,1
위기관리위원회,1
상황전파,1
재검토,1
안전규정준수방안,1
사업상주,1
캐롤라이나,1
요인입,1
상향,1
수준평가,1
역학조사,1
관리실태,1
장기간,1
여러가지,1
법학,1
유의미,1
직업환경의학,1
사기,1
미만거나,1
비상훈련,1
안전리더십,1
환경안전인력,1
심사과정,1
사우스,1
상비약품지급,1
제한금지,1
건강식단,1
협력사별,1
금연절주,1
접종,1
간염,1
인플루엔자,1
골격계운동센터,1
헬스장,1
체육시설,1
예방칙,1
소음,1
분진,1
수신,1
무냄새,1
유해요인,1
삼성전자주식회사이하,1
회사로부터,1
초청교육,1
핵심리더,1
보수교육,1
취득과정기능장,1
추이,1
지침기획재정부,1
불안감,1
막대,1
임금를,1
파트타임,1
참여지수,1
근로자수,1
성인,1
명명,1
가정은,1
자문위원,1
개념므,1
부양,1
견해,1
어로,1
미얀마,1
글데시,1
인상율,1
조식,1
배포습,1
장점,1
불합리,1
인력공급,1
가계지출,1
참여과정,1
통계지표,1
소비지출,1
목적별,1
표준안,1
경제지표,1
임금정책,1
보수자문위원,1
이행결과,1
점진,1
일시,1
숫자,1
임명,1
고하,1
도급업체채용,1
상충,1
환급,1
분포,1
역할경제,1
관해,1
검증결과,1
직위,1
공동지식,1
불시점검,1
무작위,1
제곱근,1
점검함,1
지속가능성보고서,1
이슈역,1
거래규모,1
지정학적,1
실시전체,1
항목로,1
비식품,1
법규예,1
예고,1
물가,1
동인,1
전직,1
유럽북미중남미,1
동서남아기타,1
로자,1
게시판,1
기본급여,1
접비밀,1
장별,1
차별대우,1
조직변경,1
업무변화,1
대인관계,1
성과지표,1
채널별,1
추적,1
실체,1
고충처리시,1
고충접수,1
교섭,1
정보제공,1
습다년,1
포함거나,1
비사법적,1
항의,1
의무교육,1
인권경영,1
노사보건안전위원회,1
등를,1
참고습,1
비량,1
수정보고,1
표준식단,1
근로계약서,1
보고기간회계,1
주기매년,1
모국,1
표기,1
마사,1
리차드,1
의료비,1
정책강제노동,1
교통,1
경영방침,1
초임,1
불확실성은,1
영향지역사회,1
지표가계지출비,1
산정방법,1
인공지능,1
이직,1
통지기간,1
중복인원,1
사전물량,1
열한,1
한국품질,1
국별,1
법인인도,1
초과,1
화합,1
실행방법,1
활동데이터,1
구매전력,1
컨셉,1
이점,1
영진리더,1
선입견,1
포용성,1
편견,1
무의식,1
탐구,1
도시가스,1
거래용,1
지난해,1
캐나다법인,1
전력배출계수,1
에너지기본법,1
중하,1
개념전파,1
여성인권,1
내부규정,1
보육,1
문서검토,1
해외법인,1
밀레얼,1
매칭,1
정착시,1
안전우선,1
작업단계,1
자제,1
사한국,1
검증지침,1
참여자,1
승하,1
설문조사,1
면접전형,1
서류전형,1
소요,1
생애설계,1
제도로,1
경력상담,1
전직교육,1
경력컨설팅센터,1
출발,1
직무역량,1
직무전문가,1
성찰,1
고령화,1
정년연장,1
지원국내,1
시행규칙,1
전력계수,1
스케줄,1
육아,1
수령,1
양호,1
운영위,1
부채,1
제입니,1
윤리성과,1
맴버십,1
국제규범,1
환경파괴,1
안전보건환경,1
회신,1
보험보장,1
주택적금,1
휴일,1
메일,1
생산현,1
복도,1
포스터,1
편법,1
명세서,1
급여지급,1
의사결정자,1
안면인식시스템,1
휴무보장,1
근무자의,1
위험개선,1
자기자본,1
사용제련소,1
총계,1
정책국내,1
적정신,1
컨퍼런스,1
민관협력,1
재산정이,1
광산,1
배출량정보,1
채취,1
부적정,1
쟁광물,1
구주,1
가이던스,1
제출자료,1
직접배출,1
간접배출,1
진행중,1
월말,1
텅스,1
국품질재단,1
불법,1
완료습,1
미취득,1
지리,1
규모임직원,1
기업정보로서,1
관리소프트웨어,1
리뷰검증,1
수로,1
우위,1
관리평가,1
속성,1
우크라이나내,1
극대,1
참고자료,1
뉴스,1
웹사이트,1
유지거나,1
인정보,1
교육인,1
후의,1
분야전자통신서비스업,1
암호,1
스탭,1
최고부문,1
책임자로서,1
개인정보보호체계,1
계약종료,1
업체선정,1
개인정보처리위,1
역외전송,1
역외로,1
국가고객만족도,1
한국생산본부조선일보주관,1
보호조치,1
쟁력,1
품목별,1
원가분석,1
소비자보호원,1
정보공유,1
련된,1
개정안,1
월부,1
비상상황,1
제조업,1
유일,1
체코,1
업데이트,1
갱신,1
콜센터협회,1
최고경영자,1
할당,1
우선권,1
우크라이나,1
오프,1
소비자대응,1
감사표창,1
방위,1
소싱,1
전문역량,1
운영신규등록,1
자재물류,1
오픈싱,1
구매거점,1
접근통제,1
주향,1
수치임,1
호환,1
세금,1
제품사업부별,1
개인정보관련,1
개인정보보호사무,1
적용습,1
대외후원,1
년사회기금,1
휴대,1
비자,1
주자로서,1
사회금은,1
선두,1
프레임워크,1
이용약관,1
폭증,1
차혁명,1
권리헌장,1
소인,1
보호법,1
보안를,1
임감,1
임직원기부금,1
안성,1
기금,1
이해관계자로부터,1
개방성과,1
해당지역,1
수집운영파기,1
관리기술물리,1
공과금,1
고지,1
품질만족지수,1
정보동권,1
처리제한,1
삭제,1
열람,1
글로벌고객만족도,1
글로벌경영협회,1
전면,1
진공청소기,1
일례,1
본사사업부현지,1
지하기,1
연동,1
계별,1
수명관리,1
단종,1
사업부문절대값,1
개인정보법무검토시스템,1
병행,1
특성별,1
지역별절대값,1
유럽포함,1
미주유럽,1
컨트롤러,1
통합관,1
자체평가,1
장지원,1
무신,1
인수합,1
소득행위,1
세율,1
조세피난처,1
회피,1
통합관리시스템,1
조세,1
국제조세,1
이전가격,1
거래가격,1
편사항,1
이행및,1
납부기한,1
리스크내부,1
의사결정체계,1
현금결제,1
동반,1
수탁기업협의회,1
회원사의,1
장애인협회,1
협성,1
수상업계,1
복지부,1
점검기준,1
작년,1
유해화학,1
기업구조,1
거래구조,1
납부,1
고장수리결과보고,1
국가제품별,1
수리기술,1
인과,1
세스,1
가정방문,1
제품수리,1
버스,1
기술자,1
서비스현장,1
라이브챗,1
접속,1
예약,1
수리점,1
컨텐츠형식,1
증대시,1
지역총괄별로,1
전문상담사,1
경쟁시대,1
전성,1
고객층,1
표준세부내용,1
발생시,1
세무리스크,1
업상의,1
천세,1
분기별,1
산하의,1
발주회신,1
휠체어,1
소화설비,1
환경시설,1
눈높이,1
재무상태신용등급를,1
준용,1
교육훈련,1
평가백만,1
만족대상,1
환경안,1
재무현황,1
환경표준,1
구매품질,1
문자메세지,1
탐지,1
재난,1
위년,1
전자업계백색,1
폭발,1
화산,1
변동사항,1
용평가사,1
리스크연속성,1
리스크외부,1
징후,1
부실경영,1
기준재무,1
법규준수은,1
회신률,1
연중,1
거래중단,1
신문사,1
평가년,1
우수차년도,1
개선지원,1
소비자연구소,1
프랑크푸르트,1
피드,1
결과확인,1
자율평가,1
상점검,1
작업공정,1
괴테,1
추가거래,1
물량축소,1
부진업체,1
화해,1
차년도,1
감사표시장애인친,1
매장서비스,1
가능,1
다소,1
수화서비스,1
장애우,1
우수협력사의,1
국제기능올림픽,1
아부다비,1
운용,1
제품예,1
경력개발인재경영,1
천원,1
복원력,1
재취업자,1
무분별,1
재취업률,1
수명연장,1
권익보호,1
목차,1
지원금액,1
포항,1
평생학습,1
완전고용,1
경영문단,1
경제활동,1
아동강제,1
감축과제,1
위생관리,1
식량안보,1
기아,1
모성보호,1
고용지원,1
질적,1
이탈리아,1
초래,1
유실,1
거주지,1
바다,1
해양자원,1
산림,1
제보시스템컴플라이언스,1
경력설계,1
선포북미,1
개최년,1
학위과정,1
후원금,1
주주환원,1
컨설팅구주,1
촉탁,1
삼성반도체이야기,1
시간선택제,1
자사활동,1
정경유착,1
퇴치,1
교란,1
기타직급,1
의식수준,1
외적인,1
감년,1
회계연도,1
이행목표,1
사법제도,1
여성임직원,1
토지,1
사막,1
생계,1
정보통신,1
효익,1
달성제품,1
현장중심,1
인사체계,1
직무중심,1
추진수평,1
인사혁신,1
재수,1
유해물질벤젠,1
재해자수,1
격화상교육,1
근무자수,1
품질전문가,1
품질자격,1
혁신생산,1
책임조달,1
존경,1
고용금지,1
위생,1
적용지역,1
보고의무,1
구조상의,1
지배,1
경제사회환경,1
원료구매,1
이해관계자고객,1
개종사,1
인사운영,1
효율개선,1
탄소가격,1
차년도월년,1
지원액,1
화폐,1
환율,1
물가변동률,1
년년,1
위생시설,1
지원업체,1
원금,1
참여인원,1
이자지액,1
우수등급,1
가치측정,1
고하고자,1
확보협력사,1
소통함,1
일련,1
취득율,1
렵기,1
중복포함,1
차년도년월년,1
사용목표,1
관리폴리염화비닐,1
감축년,1
월년월,1
월년,1
인턴,1
책임관리,1
급증,1
중학생,1
최고경영진의,1
불법거나,1
영통구,1
재단사업,1
다양,1
언론재단,1
환경보건,1
삼성복지재단,1
관리협의회,1
급망,1
이상상황,1
장변,1
노출,1
파견직,1
학습지원,1
삼성생명공익재단,1
글로벌품질혁신실,1
글로벌마케팅센터,1
성균관대학,1
환경보건안전,1
전문기능별,1
지역총괄법인,1
리스크관리,1
삼성로,1
삼성장학금,1
외협력,1
숙지,1
호암상,1
윤리경영시스템,1
경영원칙행동강령,1
수원시,1
번역,1
한국어,1
국제기능올림픽대회,1
취약점,1
인권문제,1
최상위,1
모빌리티,1
저작권,1
스폰서,1
사무직무별,1
교육연,1
의문,1
드라인,1
국제기능올림픽위원회,1
호암재단,1
근본원인,1
결과분석,1
생성과,1
법무팀,1
해외법무팀,1
인사규정,1
법사용,1
개인정보법무검토,1
게시부정,1
로서,1
세분,1
전국재해구호협회,1
최대주주,1
박재완,1
고동진,1
이사회의결,1
김현석,1
사회공헌활동,1
종류별,1
이재용,1
담당업무,1
제조의의,1
총수,1
기간제,1
미디어데이,1
사법인별,1
취재,1
설립운영,1
의회,1
연령층별,1
소통블로그,1
정원,1
현물,1
용인화성,1
행시수원구미광주,1
하천생태계,1
공헌활동,1
연말기준,1
내부거래,1
해당사의,1
컨설팅펌,1
회계법률관련기술,1
유동성,1
포항지역,1
업부와,1
부문별로,1
개편년,1
이사보수,1
회사업무,1
지진피해,1
재무상태,1
관련사항,1
경영일반,1
외후보추천위원회,1
출석률,1
격통신,1
전부,1
찬성,1
피해주민,1
회복금회,1
회로,1
국가지역,1
내부교육,1
현황보고,1
이웃돕기,1
성금모금,1
경영현장,1
상시,1
사용시,1
표준절차,1
유망,1
유하,1
자치단체,1
지방,1
금융지식,1
학생세,1
학년,1
시뮬레이션,1
잠재력,1
교육기관,1
정부부,1
퍼스,1
이상은,1
체인,1
정규,1
달성습,1
고용기회,1
수요,1
래밍,1
오늘날,1
집행위원회,1
유럽연합,1
보조구가,1
아이디,1
중학교,1
미주리,1
축산,1
내부관리,1
장거리,1
전력소비량,1
전인,1
다운로드,1
주요한,1
작업도구,1
개발기금,1
기술확보,1
무이자,1
현금지급,1
대금지불,1
저리,1
자금조달,1
미래경영,1
지원채용박람회,1
중시,1
여권,1
직업학교,1
미래학교,1
패스,1
교육부,1
에스토니아,1
의존,1
변환,1
음성,1
불가리아어,1
기업분야,1
인스티튜트,1
테크,1
포브스,1
수입,1
특수학교,1
기회로부터,1
소피아,1
유목민,1
카자흐스탄,1
잡고,1
디어,1
콘테스트,1
업무절차,1
결하,1
지금,1
상회,1
우드펀딩,1
놈연,1
솔티드,1
역대,1
대회,1
모습일,1
스케치,1
기업가,1
장면,1
피칭데이,1
크리에이티브,1
전승룡,1
활력소,1
탄생,1
선배,1
설팅,1
연구실,1
누군가,1
아침,1
하루,1
예비,1
타트업,1
비즈,1
데모데이,1
피트,1
다리,1
페루,1
경보,1
부의,1
하중,1
국방부,1
등교,1
등교길,1
알람,1
충칭시,1
남부,1
만천,1
천백,1
제휴,1
유네스코,1
화국,1
프로토타입,1
도미니카공,1
아르헨티나칠레,1
학교생활,1
보조기구,1
편안함,1
지역구,1
인하우스,1
쇼케이스,1
페어,1
증명,1
협력차,1
실현가능성,1
린애자일,1
고객종업원,1
우수기술,1
산업혁신,1
공통체,1
네트워,1
전자폐기물,1
사장,1
오픈소스,1
콘솔,1
그레이드,1
업사이클,1
사이클링,1
컷팅,1
라스베가스,1
금속,1
더욱이,1
일조,1
일류기업,1
품박람회,1
대안,1
환경측면,1
격하,1
구체화,1
럭시폰,1
약속합,1
기술분야,1
불량율,1
마스터과정,1
천적,1
경영과정,1
스마트팩토리,1
자생,1
국제자제,1
전세,1
위탁생산,1
형상,1
경량화로,1
소형,1
유해요소,1
재생부품,1
사용수리재사용,1
개발제조유통,1
축하,1
메뉴얼,1
종이류포장재,1
재생용지,1
산림인증,1
개발율,1
재생가능,1
파란색,1
리플러스,1
원형모양,1
환경선언,1
어디서나,1
책임재활용,1
앞서,1
고객담당,1
로더,1
마이클,1
자랑,1
업계내,1
폐전자,1
미국내,1
톤누적,1
피제이,1
회로판,1
취약부문,1
손익확보,1
전량,1
사출물,1
무등전자,1
둘째,1
견인,1
소하,1
제조가율,1
도어,1
전문가로부터,1
마지막,1
흑자,1
품질보증,1
혁신전문,1
호응,1
사출불량,1
첫째,1
제조능력,1
장관,1
산업자원부,1
직문,1
동기,1
판로확대,1
바이어,1
엑스포,1
스마트비즈,1
우수제품,1
판로,1
컨설팅단,1
고질,1
산관리,1
진단기,1
엘오티베큠,1
증가억원,1
중소,1
납기일,1
일일,1
복합생산,1
품종,1
한눈,1
포장,1
중소벤처기업부,1
화진,1
제조업체,1
농업용,1
응용,1
러브콜,1
공정품,1
가공업,1
프로메카,1
진공펌프,1
객불량률,1
클린,1
보건공단,1
산업안,1
품질개선,1
지도,1
획기,1
동선,1
재배치,1
불량률,1
인큐베이팅,1
사우스캐롤라이나,1
성능개선,1
선정기도,1
불리,1
슬럼가,1
이크,1
범죄,1
강력,1
교육빈부,1
복지수,1
브뤼셀,1
수도이자,1
유독가스,1
밸리,1
실리콘,1
천만명의,1
창의개발,1
거운,1
주목,1
거나,1
손가락,1
작품,1
실험,1
참가자로부터,1
추가습,1
얘기,1
건반,1
피아노,1
나니,1
잠시,1
자세,1
필터,1
파리,1
합성어,1
공격,1
해커톤,1
크루,1
알렉산더,1
가능개발목표,1
세션,1
남지,1
가을,1
젊은이,1
수료생,1
코딩교육,1
접근,1
린지,1
풀롱,1
줄리,1
사무공간,1
테러리스트,1
창립,1
베네룩스벨기에네덜란드룩셈부르크,1
몰렌베,1
역적,1
순식간,1
사리,1
이브라힘,1
창업가,1
악명,1
온상,1
장벽,1
가르침,1
코딩기술,1
반전,1
밝기,1
강조,1
이그,1
일반인,1
체온,1
실력,1
연주회,1
데뷔곡,1
감탄,1
모습,1
발라드,1
쇼팽,1
리아,1
유명,1
피아니스트,1
수가,1
영웅,1
중심부시,1
마스크,1
고안,1
명감,1
노인,1
사망,1
진화,1
불길,1
동두천,1
고층,1
출동,1
대부분,1
백만원,1
대당,1
희귀병,1
음표,1
윤곽선,1
도울,1
확대축소,1
거리,1
투사,1
굴절장애,1
유리체혼탁,1
각막혼탁,1
증상,1
시각장애,1
한국보건사회연구원,1
현실기기,1
가상,1
고가,1
취미생활,1
곧바로,1
심정,1
맴버들,1
수백만,1
여가,1
세계보건기구,1
시력자,1
전맹,1
분할,1
명암,1
라틴어,1
선사,1
어둠,1
정말,1
포기,1
부총리,1
영사,1
청소,1
기계공학,1
연구원,1
법리,1
이론,1
교수로서,1
법여성학,1
법제처장,1
법학전문대학원,1
이화여자대학교,1
감각,1
통찰,1
루션,1
라이브,1
학문,1
컴퓨터공학,1
전자공학회,1
메릴랜드,1
모교,1
최고전략책임자,1
최연소,1
벤처기업,1
미국인,1
출신지역,1
견제,1
교환,1
무게,1
만료,1
임기,1
내정,1
반도체공동연구소,1
회장,1
사외이사로만,1
지불,1
단체로부터,1
진압현장,1
가득,1
수영장,1
가정용,1
백십만톤,1
단지,1
스티로폼,1
매립지,1
쓰레기,1
첨단기술,1
박닌,1
이응웬,1
투자습,1
논문,1
평택시,1
오스틴,1
장함,1
상상,1
천만달러,1
거주,1
본연,1
차이,1
현대,1
돌진,1
기술발전,1
세기,1
조화,1
후임,1
과반,1
제품에너지,1
옥상,1
편리,1
세계연기금,1
영향력,1
밸류체인,1
발걸음,1
환영,1
풍력,1
생에너지,1
상위,1
가구기준,1
수급,1
재생너,1
지열,1
주차장,1
절약,1
부응,1
한국정부,1
오피스,1
빌딩,1
사업조공,1
시설투자,1
공급계약,1
지역서부,1
어쩌면,1
진전,1
번의,1
양광,1
사업분야,1
고하면서,1
편집장,1
구성습,1
진보,1
천장,1
조율,1
먼저,1
선임사외이사,1
국내법,1
두루,1
환경안전회,1
발전연구회,1
선임함,1
이사회규정,1
발전함,1
나델,1
스티브,1
라며,1
상도,1
영광,1
기여함,1
엄영훈,1
골드,1
트폰,1
스마,1
인식고,1
그리드,1
보호국,1
미국환경,1
산소,1
리김,1
선두주자,1
운반시,1
보증기간,1
소개자료,1
지협의회,1
냉각탑,1
단축함,1
외처리시설,1
법인별,1
손실량,1
증발,1
최대로,1
입력,1
조기구축,1
사업자,1
소송,1
평판리스크폐수,1
규제리스크,1
기존시설,1
축시,1
법제화,1
규제리스크효율,1
규제변화,1
규제리스크물,1
집수시설,1
생산지연,1
물리리스크단수,1
물리리스크수질,1
발생위험,1
환경사고,1
종말처리,1
공단,1
규제리스크배출,1
탱크,1
드레,1
연마공정,1
공업,1
냉동기,1
생태현황,1
관리하천,1
생화학,1
외부시험기관,1
위기종,1
구미,1
사업장수원,1
생물다양,1
임직원생물다양,1
전용처리시설,1
이원화,1
화염불화탄소,1
제로,1
촉매,1
지정폐기물,1
감시스템,1
몬트리올의정서,1
국내사업,1
질소산화물,1
제거인입,1
실시운영능력,1
대체사용,1
강화독성물질,1
평가자효율,1
매립량,1
방식별,1
미달,1
위탁처리업체,1
생산설비,1
물리리스크가뭄,1
폐수누,1
과제효율,1
조명개선,1
감축계획,1
감축결과,1
개발출시,1
유지년,1
경영체계,1
대응전략,1
비지니스,1
톤를,1
운송관리,1
재효율,1
경로변경,1
설비교체,1
대체습,1
시범과제,1
증서,1
녹색전력,1
영향도,1
요도,1
부가,1
실행과제,1
사업뿐,1
개선협의체,1
요청사항,1
답변,1
터링,1
환경관리,1
톤억원,1
설비운전효율,1
환경대학원,1
평판리스크폐수누,1
세계지속가능,1
수질분석,1
물리리스크수질저하,1
장구류,1
재해보상보험,1
제방,1
습지,1
범람,1
물리리스크홍수,1
세계식량기구,1
행동방침,1
자원임,1
세계자원연구소,1
발전기업협의회,1
우수기업,1
식수시설,1
세계식량농업기구,1
용수사용량,1
립하,1
필수요소,1
보호활동,1
시범교육,1
사용실적,1
이념,1
추진계획,1
반영구,1
효율사업,1
산량,1
개선사업,1
천리,1
경희대학교,1
확인잉어,1
부인과,1
상세주의,1
의체,1
신체정신건강,1
노사협의,1
취할,1
휴식,1
노동조합연맹,1
공제,1
운영함,1
식사,1
특별,1
보충제,1
의료진,1
노동회보훈부로,1
확인평가관,1
트로피,1
훈장,1
조국전선,1
부통령,1
상식,1
임신,1
노동조합연,1
하노이,1
표창,1
공로,1
복지제도,1
수유,1
가정폭,1
패러,1
리하,1
립심,1
사업부가,1
모국어,1
협력업체,1
인권의식,1
노동법,1
비상대응시스템,1
현장실사,1
진행임직원,1
점검단,1
점검대상,1
프로세스평가,1
남미,1
전문기,1
특별진단,1
관리역량,1
노력합,1
인력운영,1
스페인어,1
베트남어,1
시범,1
상세주,1
국제인권,1
근로자기본권선,1
기본원칙,1
아동권리협,1
다국적기업,1
각별,1
자율주행빅데이터사물인터넷,1
정보기술,1
백만명의,1
자존감,1
망둑어,1
돌이물달팽이,1
아산시,1
광주광역시,1
구미시,1
화성시,1
용인시,1
식물,1
곤충류,1
양서류,1
조류,1
포유류,1
아우점종규조류,1
분류군,1
부착조류,1
아우점종,1
기흥캠퍼스,1
은색,1
깔따구류,1
아우점종미꾸리,1
붕어,1
평택대학교,1
꼬마줄날도래,1
잉어,1
확인붕어,1
한국생태환경연구소,1
날도래목,1
정리,1
오산천,1
무척추,1
디지털시티,1
화성캠퍼스,1
역량개발,1
노동사회,1
임대료,1
아동보육,1
수업시간,1
설계습,1
자립심,1
성취,1
원함,1
심리치료,1
자인스쿨,1
기회평등부,1
유럽각료이사회,1
정책부와,1
다임,1
사랑,1
스마트시티,1
사회인,1
남녀평등,1
핵심요소,1
시민사회단체,1
사회개혁,1
정치안정,1
차별금지정책,1
중요시,1
관리함,1
양도,1
수하,1
나라,1
그린시티,1
이행관리,1
실천전략,1
리퍼비시,1
개발목표,1
확충함,1
시험장비,1
생플라스틱,1
신규항목,1
한계상황,1
완성,1
공급체계,1
낙하,1
강도,1
불어,1
생명,1
톤철,1
결법,1
대의,1
장고,1
리즘,1
리사이클링,1
전용서버,1
제품운전,1
매니저,1
자체수거,1
격서비스,1
폐가전제품,1
전국망,1
추출함,1
파쇄을,1
건조,1
염수,1
공정천공,1
부품교체,1
하이라이트,1
재활용프로그램,1
운전시,1
빌트,1
냉동,1
변기능냉장,1
쿨링,1
메탈,1
트리플,1
필터세이버필터,1
청정시스템유해물질,1
전기분해청정세균,1
공기청정기블루스카이,1
필터시스템,1
공기청정,1
에너지용량,1
벽걸이,1
벽걸이에어컨,1
무풍냉방,1
서리,1
디자인생산,1
스크류리스,1
이빙모드,1
대나무,1
포장재사탕수수,1
바이오나일론,1
소재적용이어폰,1
이빙,1
파워,1
울트라,1
적용재활용,1
접지쇼트,1
홈딜리,1
네덜란드,1
전과정의,1
프탈레이트안티몬,1
베릴륨화합물,1
염화코발트,1
휴대전화,1
안티몬화합물,1
출시일부,1
휴대폰제품,1
구축공급망,1
공인시험소,1
실험실,1
품질관리시스템,1
전관,1
온난화,1
조전,1
신규부품,1
기준년도,1
출량,1
환경분야,1
업부별,1
에코협의체,1
인버,1
공인기관,1
유해물,1
폐자원,1
분리후,1
재질별,1
제품수명,1
격진단,1
노닐페놀,1
추진년,1
니켈,1
사용후,1
단순,1
취함,1
콤프레,1
케이블,1
대다수,1
프레임,1
자원흐름,1
자원이용,1
경량,1
환경영,1
라스,1
소비재,1
생수병,1
일상생활,1
탄화플루오르옥탄술폰산,1
발트,1
다량,1
리튬이온,1
금속자원,1
사용수명,1
최소한,1
콤팩트,1
사용거나,1
프탈산디이소부틸,1
프탈산디부틸,1
프탈산부틸벤질,1
디틸헥실프탈레이트,1
헥사브클로도데칸,1
히트펌프,1
에어살균,1
물수위,1
쿡스,1
건물며,1
놀이,1
회원,1
예술가,1
에너지스타,1
번지,1
스트리트,1
워싱턴,1
하트,1
제이슨,1
에너지절약연합,1
중심부,1
뉴욕시,1
강구,1
관광지,1
난민,1
난민기구,1
바사,1
김행일,1
대응책,1
기후변,1
시해,1
기가톤,1
땔감,1
등유,1
액화석유가스,1
보급함,1
조의,1
터이자,1
오버톤,1
삼림,1
전시장,1
에코협의회,1
지속가능발전,1
전사환경전략,1
시행주기,1
내부심사,1
갱신심사,1
마다,1
후심사,1
중목표,1
핵심성과지표,1
에너지경영시스템,1
영시,1
사용함,1
면모,1
전통,1
건물내,1
리노베이션,1
염두,1
요금,1
자극다라,1
패션,1
웰빙,1
반면,1
스포,1
엔터테인먼트,1
음악,1
예술,1
방문객,1
벌채,1
이처럼,1
표시창,1
신호전송,1
카세트,1
무풍에어컨,1
소비자시민모임,1
위너,1
환경정화보호,1
탄소중립제품,1
환경마,1
취득습,1
소모,1
수동소자,1
초고속,1
전송량,1
발열제어,1
동작,1
프컬렉션,1
그래픽,1
향상동작,1
램기반,1
메모리나노,1
유연제,1
세제,1
오염정도,1
워시로,1
옵티,1
오토,1
세탁시간,1
회전판,1
최고효율,1
실외기,1
그린패키징,1
과도,1
수자원보호,1
연소,1
구가,1
전기공,1
창사,1
정제소가,1
듭니,1
발효,1
폐당밀,1
다년,1
스토브,1
토브,1
사업기회,1
탄소공개프로,1
시민,1
한국환경포장진흥,1
가로,1
제품판매,1
개선함,1
색경시스템,1
이름,1
글로벌녹,1
부탁,1
엄격,1
비영리,1
전자기업,1
냉장고제품,1
시행프로젝트,1
돌가루,1
처분,1
